,0,1,2,3,4,5,6,7,8,9,10,11,12,13,14,15,16,17,18,19,20,21,22,23,24,25,26,27,28,29
0,0.857143,0.555556,0.271,0.281,0.62,0,0.4,0.6,0,0.227273,0.526316,0.4,0.166667,0,0.222222,0.928571,0.466667,0.354,0.311,0.53,0.139,0.52,0.6,0,0.0909091,0.105263,0.3,0.0833333,0,0.444444
1,0.904762,0.377778,0.209,0.268,0.46,0.179,0.21,0.5,0,0,0.210526,0,0.25,0.142857,0,0.904762,0.511111,0.372,0.265,0.55,0.223,0.48,0.46,0,0.954545,0.0526316,0.3,0.416667,0.428571,0.333333
2,0.880952,0.333333,0.318,0.301,0.54,0,0.43,0.58,0,0.0454545,0.684211,0.1,0.333333,0.428571,0.111111,0.809524,0.355556,0.629,0.381,0.59,0.305,0.39,0.5,0,0.0454545,0,0.2,0.166667,0,0
3,0.928571,0.311111,0.298,0.167,0.52,0.268,0.3,0.4,0,0,0,0,0,0,0,0.869048,0.333333,0.387,0.213,0.41,0.255,0.36,0,0,0,0,0,0,0,0
4,0.869048,0.355556,0.256,0.424,0.49,0.148,0.28,0.81,0,0,0.105263,0,0,0,0.222222,0.857143,0.177778,0.167,0.333,0.37,0,0.57,0,0,0,0,0,0,0,0
5,0.869048,0.4,0.457,0.415,0.61,0.118,0.18,0.46,0,0.0909091,0.105263,0.3,0.0833333,0.142857,0.222222,0.857143,0.488889,0.238,0.343,0.62,0.122,0.4,0.75,0,0.0454545,0.157895,0.2,0.166667,0,0.222222
6,0.833333,0.333333,0.433,0.213,0.54,0,1,0.6,0,0,0,0.1,0,0,0,0.857143,0.2,0.308,0.326,0.59,0.177,0.63,0.75,0,0.0454545,0,0.2,0.0833333,0,0
7,0.833333,0.577778,0.316,0.242,0.61,0.109,0.45,0.63,0,0.181818,0.105263,0.6,0,0.285714,0.444444,0.845238,0.4,0.511,0.387,0.62,0.103,0.25,0.75,0,0.0454545,0.157895,0.3,0.0833333,0.142857,0.222222
8,0.928571,0.311111,0.348,0.256,0.55,0.085,0.41,0.77,0,0.0909091,0.0526316,0.2,0.0833333,0.142857,0.111111,0.857143,0.288889,0.316,0.375,0.51,0.106,0.44,0.8,0,0.0909091,0.157895,0.2,0.0833333,0,0.222222
9,0.833333,0.377778,0.378,0.383,0.58,0.146,0.45,0.91,0,0.0909091,0.263158,0.4,0.25,0,0.333333,0.809524,0.422222,0.377,0.454,0.57,0.078,0.5,0.6,0,0.0454545,0,0.2,0.0833333,0.142857,0.111111
10,0.77381,0.355556,0.453,0.833,0.62,0,0,0,0,0,0,0,0,0,0.111111,0.77381,0.244444,0,0,0.51,0,0.57,1,0,0,0,0,0,0,0
11,0.869048,0.288889,0.453,0.244,0.66,0.623,0.59,0.77,0,0,0.157895,0.2,0,0,0,0.857143,0.355556,0.506,0.635,0.55,0.061,0.33,0.8,0,0.136364,0,0.1,0,0,0.111111
12,0.952381,0.355556,0.573,0,0.69,0,0,0.83,0,0.0909091,0,0,0,0,0,0.952381,0.355556,0.531,0.239,0.56,0.086,0.75,0.75,0,0.0909091,0,0.1,0.0833333,0,0
13,0.904762,0.2,0.427,0.313,0.48,0,0,0.45,0,0,0,0,0,0,0,0.880952,0.377778,0.336,0.311,0.54,0,0,0.54,0,0.0909091,0.0526316,0.1,0.25,0.142857,0
14,0.916667,0.533333,0.318,0,0.44,0.236,0.51,0.6,0,0.181818,0.210526,0.2,0.25,0.428571,0.333333,0.928571,0.2,0.734,0.676,0.57,0.125,0.16,1,0,0,0,0,0,0.142857,0
15,0.869048,0.333333,0.269,0.249,0.59,0.075,0.25,0.54,0,0.0454545,0.157895,0.4,0,0.285714,0.111111,0.904762,0.377778,0.251,0,0.7,0,0.33,0.8,0,0,0,0.3,0,0,0
16,0.880952,0.266667,0.197,0.193,0.59,0,0.12,0.75,0,0,0,0.1,0,0,0.111111,0.904762,0.311111,0,0,0,0,0,0,0,0,0,0,0,0,0
17,0.904762,0.377778,0.299,0.122,0.56,0.561,0.66,0,0,0.0454545,0,0,0,0,0,0.892857,0.266667,0.305,0.133,0.67,0.045,0.33,0.83,0,0.0454545,0,0.1,0,0.142857,0
18,0.880952,0.266667,0,0,0.61,0,0.16,0.6,0,0,0,0.1,0,0,0,0.869048,0.4,0,0,0.66,0.394,0.42,0.61,0,0.0909091,0,0.6,0,0.142857,0.111111
19,0.880952,0.311111,0.319,0.152,0.65,0.107,0.75,0.5,0,0,0.0526316,0.1,0,0.285714,0,0.892857,0.288889,0,0,0,0,0,0,0,0,0,0,0,0,0
20,0.892857,0.311111,0.364,0,0.56,0.103,0.22,0.75,0,0,0,0,0.0833333,0,0,0.857143,0.333333,0,0,0,0,0,0,0,0,0,0,0,0,0
21,0.880952,0.444444,0.187,0.255,0.56,0.129,0.31,0.72,0,0.0454545,0.0526316,0.1,0,0.142857,0.333333,0.869048,0.222222,0.323,0.271,0.48,0,0.63,0.55,0,0,0.0526316,0.1,0,0,0.111111
22,0.785714,0.288889,0.234,0.329,0.57,0.068,0.25,1,0,0,0,0,0,0.142857,0.111111,0.761905,0.377778,0,0.413,0.61,0.133,0.66,0.57,0,0,0,0.1,0,0,0.111111
23,0.809524,0.444444,0.562,0.756,0.56,0,0,1,0,0,0,0,0.0833333,0,0,0.821429,0.422222,0,0.141,0.68,0.125,0.3,0.64,0,0,0,0.1,0,0.428571,0
24,0.904762,0.422222,0.471,0.361,0.54,0.125,0.31,0.42,0,0.181818,0.578947,0.3,0.0833333,0.142857,0.555556,0.880952,0.444444,0.417,0.295,0.67,0.173,0.58,0.77,0,0.272727,0.0526316,0.8,0,0,0.333333
25,0.845238,0.288889,0.383,0.306,0.6,0.079,0.37,0.62,0,0.136364,0.105263,0.2,0,0.142857,0.111111,0.880952,0.266667,0.241,0.309,0.6,0.061,0.4,0.83,0,0.0909091,0,0.3,0.0833333,0.142857,0
26,0.892857,0.288889,0.519,0.472,0.53,0.095,0.5,0.64,0,0.272727,0.157895,0,0,0,0.222222,0.892857,0.466667,0.352,0.254,0.6,0.039,0.45,0.78,0,0.227273,0,0.4,0.0833333,0,0.222222
27,0.940476,0.422222,0.269,0.238,0.44,0.047,0.23,0.53,0,0.454545,0,0.1,0.333333,0.142857,0,0.869048,0.4,0.356,0.444,0.56,0.055,1,1,0,0,0,0.2,0,0,0.111111
28,0.916667,0.266667,0.384,0.318,0.51,0.327,0.42,0.73,0,0.0909091,0.210526,0.3,0.0833333,0.285714,0.222222,0.845238,0.4,0,0.181,0.58,0.744,0.48,0,0,0.136364,0.105263,0.1,0,0,0
29,0.97619,0.266667,0.573,0.326,0.29,0.084,1,1,0,0.136364,0,0,0,0,0,0.940476,0.333333,0.437,0,0.59,0.496,0.5,0.83,0,0.0909091,0,0.7,0.25,0,0
30,0.892857,0.288889,0.706,0.614,0.62,0.043,1,0.94,0,0.0454545,0.0526316,0.2,0.0833333,0,0,0.857143,0.355556,0.162,0.162,0.61,0.347,0.48,0.57,0,0.0454545,0.105263,0.1,0,0,0
31,0.880952,0.377778,0.302,0.273,0.55,0.104,0.27,0.77,0,0.0909091,0,0.8,0.166667,0,0.333333,0.880952,0.155556,0.389,0.229,0.56,0.771,0.4,0.75,0,0.0454545,0.0526316,0,0,0,0
32,0.916667,0.555556,0.354,0.268,0.59,0.053,0.36,0.79,0,0.5,0.105263,0.5,0.75,0.142857,0.555556,0.928571,0.355556,0,0.298,0.35,0,0,0.66,0,0.0909091,0,0,0,0,0
33,0.761905,0.355556,0.411,0.342,0.5,0,0,0.73,0,0,0,0.2,0,0,0.111111,0.809524,0.355556,0.428,0.468,0.62,0,0,0.56,0,0,0,0.4,0,0,0
34,0.880952,0.422222,0.518,0.414,0.66,0.054,1,0.72,0,0.0909091,0,0,0,0.142857,0,0.892857,0.4,0,0.287,0.49,0.185,0.28,0.16,0,0,0.0526316,0.1,0,0,0.111111
35,0.833333,0.333333,0.476,0.268,0.69,0.048,0.28,0.93,0,0.0454545,0.0526316,0.1,0,0,0,0.869048,0.288889,0.583,0.237,0.59,0,0,0.88,0,0.0454545,0,0.1,0,0.142857,0
36,0.857143,0.6,0.171,0.192,0.64,0.258,0.25,0.65,0,0.0454545,0.526316,0.8,0.0833333,0,0.777778,0.869048,0.444444,0,0.849,0.09,0.439,0.5,0,0,0,0.0526316,0,0.0833333,0,0
37,0.869048,0.4,0.415,0.382,0.58,0.056,0.45,0.78,0,0.181818,0,0.6,0.166667,0.571429,0.333333,0.833333,0.311111,0.346,0.261,0.54,0.071,0.55,0.55,0,0.0909091,0,0.2,0.166667,0,0.111111
38,0.869048,0.333333,0.685,0.716,0.52,0.122,0.45,0.78,0,0.0454545,0,0,0.0833333,0,0.222222,0.857143,0.333333,0.391,0.268,0.6,0.159,0.31,0.8,0,0.0454545,0.210526,0.4,0.25,0.142857,0
39,0.964286,0.311111,0.357,0.167,0.82,0,0,1,0,0,0.0526316,0,0,0,0,0.964286,0.266667,0.531,0.379,0.4,0,0,0.8,0,0,0,0,0,0,0
40,0.845238,0.244444,0.503,0.423,0.59,0,1,0.66,0,0,0,0.2,0,0,0,0.833333,0.444444,0.205,0.141,0.67,0,0,0.62,0,0.0909091,0,0,0,0.142857,0
41,0.75,0.422222,0,0.313,0.61,0.151,0.28,0.55,0,0,0.0526316,0.3,0,0.142857,0.333333,0.821429,0.377778,0.313,0.323,0.51,0,0.4,0.64,0,0,0,0.1,0,0,0.222222
42,0.845238,0.355556,0.377,0.287,0.62,0.105,0.5,0.72,0,0.0909091,0,0.2,0.0833333,0.142857,0.333333,0.845238,0.244444,0,0.698,0.16,0,0,0,0,0,0,0,0.0833333,0,0
43,0.952381,0.4,0.556,0.407,0.54,0,0,0.66,0,0.0454545,0.0526316,0,0,0,0,1,0.266667,0,0.495,0.34,0,0,0.5,0,0.0454545,0,0,0.0833333,0,0
44,0.75,0.311111,0.513,0.492,0.41,0.305,0.55,0.75,0,0,0.0526316,0.1,0,0.142857,0,0.72619,0.177778,0,0,0,0,0,0,0,0,0,0,0,0,0
45,0.916667,0.355556,0.566,0.451,0.56,0.128,0.5,0.75,0,0,0,0,0,0,0,0.928571,0.333333,0.167,0.357,0.31,0,0,1,0,0,0,0,0,0.142857,0
46,0.928571,0.444444,0.314,0.325,0.51,0.382,0.5,0.73,0,0.181818,0.157895,0.3,0.416667,0,0,0.916667,0.333333,0.503,0.224,0.57,0.039,0.16,0.84,0,0.136364,0.0526316,0.1,0,0,0
47,0.845238,0.4,0.309,0.298,0.58,0.118,0.38,0.65,0,0.363636,0,0.6,0.166667,0.285714,1,0.845238,0.266667,0.433,0.313,0.57,0,0.29,0.63,0,0.136364,0,0.3,0.0833333,0,0
48,0.857143,0.333333,0.222,0.356,0.48,0,0,0,0,0,0,0,0,0,0,0.952381,0.355556,0.573,0,0.69,0,0,0.83,0,0.0909091,0,0,0,0,0
49,0.845238,0.266667,0,0.785,0.47,0.448,0.5,0.8,0,0,0,0,0.0833333,0,0,0.845238,0.444444,0.284,0.539,0.54,0.239,0.45,0.54,0,0.272727,0.368421,0.1,0.416667,0.142857,0.444444
50,0.75,0.2,0.218,0.275,0.54,0.344,0.47,0,0,0.0454545,0.157895,0,0.0833333,0.142857,0,0.77381,0.133333,0.832,0.402,0.48,0.139,0.3,1,0,0.136364,0,0,0,0,0
51,0.833333,0.333333,0,0,0.51,0,0.33,0,0,0,0,0.1,0,0,0,0.880952,0.311111,0.294,0.244,0.54,0.138,0.44,0.65,0,0.0909091,0,0.1,0,0.285714,0.111111
52,0.821429,0.4,0.379,0.422,0.5,0.282,0.34,0.47,0,0,0.105263,0.1,0.0833333,0,0.111111,0.845238,0.222222,0.292,0.268,0.46,0.306,0.54,0,0,0,0.157895,0,0,0.142857,0.111111
53,0.809524,0.177778,0.653,0.753,0.52,0,1,0.64,0,0,0,0,0,0,0.111111,0.738095,0.311111,0.649,0.495,0.68,0.259,0.33,0.4,0,0,0,0.3,0,0.142857,0
54,0.928571,0.266667,0.527,0.229,0.7,0,0,0.85,0,0,0,0.1,0,0,0,0.833333,0.377778,0.263,0.511,0.58,0.114,0.15,0.62,0,0,0,0.1,0,0,0.444444
55,0.821429,0.311111,0.413,0.775,0.59,0,0,1,0,0,0,0,0.166667,0,0,0.869048,0.222222,0.805,0.556,0.57,0,0,1,0,0.0454545,0,0,0,0.142857,0
56,0.857143,0.266667,0.793,0.713,0.63,0,0.66,1,0,0,0,0.1,0,0,0,0.892857,0.444444,0.486,0,0.61,0.171,0.21,0.63,0,0,0.105263,0.5,0.0833333,0,0.666667
57,0.892857,0.2,0,0.358,0.31,0.374,0.42,0.66,0,0,0.0526316,0,0,0,0,0.964286,0.266667,0.416,0.258,0.55,0.127,0.43,0.48,0,0,0.0526316,0.1,0,0.142857,0.111111
58,0.97619,0.311111,0,0,0.46,0.074,0.66,0,0,0.0454545,0,0,0.0833333,0,0.222222,0.892857,0.288889,0,0.213,0.7,0,0,0,0,0,0,0.1,0,0,0
59,0.738095,0.4,0.335,0.388,0.48,0.188,0.5,0.57,0,0,0.210526,0.2,0,0.142857,0.222222,0.77381,0.377778,0.618,0.273,0.65,0,0.62,0.81,0,0.0909091,0,0.7,0.0833333,0,0.222222
60,0.833333,0.466667,0.459,0.365,0.61,0.106,0.5,0.6,0,0.181818,0.105263,0.9,0.0833333,0.857143,0.222222,0.833333,0.355556,0.515,0.813,0.53,0.088,0.25,0,0,0,0.0526316,0,0,0,0.111111
61,0.904762,0.333333,0.306,0.446,0.51,0.108,0.23,0.61,0,0.181818,0.105263,0,0.166667,0.142857,0,0.904762,0.377778,0.413,0.331,0.6,0.026,0.33,0.57,0,0.0909091,0.157895,0.4,0.333333,0,0.111111
62,0.785714,0.244444,0.429,0.122,0.84,0.271,0.57,1,0,0,0.0526316,0.1,0,0,0,0.75,0.244444,0.324,0.407,0.64,0.046,0.08,0,0,0,0.0526316,0,0,0,0.111111
63,0.845238,0.311111,0.319,0.347,0.6,0,0.4,0.75,0,0,0,0.1,0.0833333,0,0,0.892857,0.244444,0,0.274,0.52,0.125,0.31,0.47,0,0.0454545,0.0526316,0.1,0,0,0
64,0.892857,0.377778,0.306,0.415,0.52,0.151,0.4,0.76,0,0.136364,0,0.1,0.0833333,0,0.111111,0.916667,0.377778,0.273,0.325,0.52,0.256,0.41,0.46,0,0.0454545,0.210526,0,0.0833333,0.142857,0
65,0.892857,0.311111,0.321,0.282,0.44,0.303,0.39,0.8,0,0,0,0.4,0.166667,0.285714,0,0.940476,0.288889,0.326,0.254,0.52,0,0.33,0.6,0,0.0454545,0.0526316,0.1,0,0,0
67,0.904762,0.422222,0.422,0.411,0.56,0.189,0.54,0.63,0,0.0454545,0,0.1,0.0833333,0,0.333333,0.857143,0.311111,0.442,0.302,0.61,0,0,0.31,0,0.0454545,0.0526316,0.3,0,0,0.111111
68,0.809524,0.377778,0.244,0,0.53,0.178,0.47,0.59,0,0.136364,0.0526316,0.1,0,0,0.111111,0.785714,0.4,0.353,0,0.62,0.428,0.63,0.51,0,0,0.0526316,0.3,0,0.428571,0.444444
69,0.833333,0.266667,0.343,0.382,0.53,0.076,0.38,0.68,0,0.181818,0.210526,0.1,0,0,0.444444,0.892857,0.355556,0.332,0.383,0.54,0.026,0.5,0.61,0,0,0,0.1,0.0833333,0.142857,0
70,0.857143,0.355556,0.359,0.508,0.59,0.093,1,0,0,0,0,0,0.166667,0,0.111111,0.880952,0.266667,0.426,0,0.44,0.067,0.33,1,0,0.0454545,0,0,0,0,0
71,0.880952,0.355556,0.449,0.492,0.5,0.225,0.33,1,0,0,0,0.4,0.166667,0,0.111111,0.880952,0.244444,0.405,0.285,0.66,0.143,0.45,0.8,0,0,0.0526316,0.3,0,0,0.111111
72,0.797619,0.266667,0.388,0.411,0.61,0.036,0.25,0.53,0,0,0,0.4,0.0833333,0,0.111111,0.797619,0.288889,0.408,0.377,0.58,0,0.5,0.71,0,0,0,0.1,0,0.142857,0.222222
73,0.952381,0.333333,0.446,0,0.66,0,0,0.85,0,0.136364,0,0.3,0,0,0,0.869048,0.311111,0.477,0,0.61,0.036,0.57,0.84,0,0.227273,0,0.5,0.166667,0,0
74,0.833333,0.377778,0.406,0.444,0.61,0.064,0.18,0.74,0,0.181818,0,0.4,0,0.285714,0.333333,0.892857,0.311111,0.473,0.472,0.55,0,0.33,0.78,0,0.272727,0.105263,0.1,0.0833333,0,0.333333
75,0.892857,0.244444,0.409,0.354,0.51,0,0,0.42,0,0.0909091,0,0.1,0.0833333,0.142857,0.111111,0.928571,0.2,0.265,0.419,0.51,0.993,0.75,0,0,0,0.0526316,0,0.0833333,0,0
76,0.857143,0.355556,0.293,0.317,0.58,0.025,1,0.86,0,0,0,0.2,0,0,0.111111,0.892857,0.333333,0.284,0.296,0.62,0.166,0.44,0.66,0,0.0454545,0,0.1,0.25,0.142857,0.111111
77,0.880952,0.244444,0.277,0.185,0.66,0,0,0,0,0,0,0,0.0833333,0,0,0.880952,0.4,0.358,0,0.43,0,0,0.75,0,0.0454545,0,0,0,0,0
78,0.857143,0.288889,0,0.397,0.57,0,0.4,0.87,0,0,0,0,0,0,0.222222,0.869048,0.222222,0.307,0.202,0.63,0.199,0.38,0.66,0,0.0454545,0.210526,0.2,0.0833333,0.285714,0
79,0.857143,0.444444,0.321,0.434,0.59,0.283,0.6,1,0,0,0,0.1,0.0833333,0,0,0.892857,0.311111,0.542,0.343,0.5,0,0,0.25,0,0,0,0,0,0,0.111111
80,0.880952,0.222222,0,0.607,0.4,0,0.2,0,0,0,0,0,0,0,0.111111,0.845238,0.288889,0.607,0,0.62,0,1,0.8,0,0,0,0.1,0,0,0
81,0.857143,0.311111,0,0.317,0.34,0.064,0.5,0.5,0,0.0454545,0.0526316,0,0,0.142857,0.111111,0.857143,0.4,0.051,0.253,0.44,0,0,0.5,0,0,0,0,0,0.142857,0
82,0.857143,0.333333,0.449,0.474,0.59,0,0,0.4,0,0.0454545,0,0,0,0,0.222222,0.785714,0.2,0.313,0.448,0.48,0.046,0.33,0.4,0,0,0,0.1,0.0833333,0.142857,0
84,0.916667,0.444444,0.372,0.282,0.66,0.018,0.33,0.51,0,0.227273,0,0.1,0.166667,0,0.222222,0.916667,0.355556,0.513,0.256,0.56,0.223,0.36,0.77,0,0.136364,0.105263,0.2,0.166667,0.142857,0
85,0.857143,0.444444,0,0,1,1.25,0.5,0,0,0.0454545,0,0,0,0,0,0.880952,0.222222,0.152,0.479,0.41,0,1,0.5,0,0,0,0,0.166667,0,0
86,0.857143,0.355556,0.171,0.333,0.49,0.172,0.55,0.66,0,0,0.368421,0.1,0.0833333,0,0.222222,0.845238,0.4,0.309,0.305,0.57,0.243,0.38,0.5,0,0.0909091,0.210526,0.4,0.0833333,0,0.222222
87,0.904762,0.311111,0.301,0.285,0.47,0,0,0.46,0,0.136364,0,0.1,0.166667,0.142857,0.111111,0.892857,0.244444,0.527,0.316,0.49,0.262,0.71,0.8,0,0.136364,0,0.1,0,0.285714,0.111111
88,0.952381,0.466667,0.259,0.286,0.44,0.134,0.4,0.65,0,0.363636,0.263158,0.4,0.0833333,0.428571,0.444444,0.880952,0.2,0.539,0.323,0.68,0,0.66,0.75,0,0.0909091,0,0,0,0.142857,0
89,0.904762,0.355556,0,0.225,0.46,0.286,0.39,0.61,0,0.181818,0.157895,0.2,0.0833333,0.428571,0.222222,0.880952,0.444444,0.303,0.291,0.56,0,0.45,0.58,0,0,0,0.1,0,0,0.222222
90,0.880952,0.355556,0.052,0.314,0.37,0,0,0,0,0,0,0,0.0833333,0,0.111111,0.892857,0.422222,0.264,0.501,0.53,0,0,0.14,0,0.0454545,0,0,0,0.285714,0
91,0.892857,0.311111,0,0,0.68,0,0,1,0,0,0,0.1,0,0,0,0.880952,0.333333,0,0.322,0.62,0.195,0.5,0.83,0,0.0454545,0,0,0,0.142857,0.333333
92,0.869048,0.444444,0.291,0.323,0.49,0.132,0.61,0.62,0,0.136364,0.0526316,0,0,0,0.444444,0.880952,0.177778,0,0.069,0.8,0.167,0.83,0.76,0,0,0,0.2,0,0,0.111111
93,0.880952,0.355556,0.333,0.285,0.52,0.051,0.33,0.56,0,0,0,0,0,0,0,0.857143,0.311111,0.465,0.433,0.6,0.071,0.45,0.56,0,0,0.0526316,0.1,0,0.142857,0.222222
94,0.77381,0.488889,0.321,0,0.45,0.083,0.33,0.52,0,0,0,0.4,0.166667,0,0.111111,0.857143,0.288889,0.376,0.201,0.44,0,0,0.66,0,0.0909091,0.0526316,0,0,0,0.111111
95,0.869048,0.244444,0.286,0.241,0.58,0,0.4,0.64,0,0.0909091,0,0.3,0,0.142857,0.111111,0.845238,0.266667,0.441,0.477,0.54,0.135,0.42,0.62,0,0.0454545,0.0526316,0,0,0.142857,0.333333
96,0.845238,0.2,0.358,0.047,0.83,0.467,0.57,0,0,0,0.0526316,0,0,0,0,0.845238,0.222222,0.132,0.263,0.52,0.071,0.5,0.37,0,0,0,0,0,0.285714,0
97,0.845238,0.4,0.309,0.298,0.58,0.118,0.38,0.65,0,0.363636,0,0.6,0.166667,0.285714,1,0.845238,0.266667,0.433,0.313,0.57,0,0.29,0.63,0,0.136364,0,0.3,0.0833333,0,0
98,0.785714,0.244444,0.525,0.361,0.63,0.019,0.33,0.63,0,0,0,0.2,0,0.142857,0.111111,0.75,0.377778,0.222,0.286,0.53,0.353,0.36,0.48,0,0,0.0526316,0.4,0.166667,0,0
99,0.797619,0.266667,0,0.227,0.58,0,0.36,0,0,0,0,0,0,0,0,0.833333,0.244444,0.258,0.283,0.63,0.239,0.43,0.62,0,0,0.105263,0,0,0,0.222222
100,0.77381,0.355556,0.453,0.833,0.62,0,0,0,0,0,0,0,0,0,0.111111,0.809524,0.355556,0,0.601,0.62,0.029,0.5,0.93,0,0,0.0526316,0.2,0,0,0.111111
101,0.833333,0.311111,0.465,0.589,0.56,0.202,0.28,0.75,0,0.0454545,0,0,0,0,0.333333,0.845238,0.244444,0.766,0.572,0.51,0,0.35,0.85,0,0.0454545,0,0,0.166667,0,0
102,0.821429,0.311111,0.349,0.243,0.68,0.264,0.45,0.5,0,0,0.0526316,0.4,0,0.142857,0.111111,0.797619,0.177778,0,0,0.5,0,0,0.66,0,0,0,0,0.0833333,0,0.111111
103,0.845238,0.288889,0.273,0.635,0.47,0.141,0.16,0.5,0,0.0454545,0,0,0.0833333,0.142857,0,0.845238,0.444444,0,0.552,0.59,0,0,0.46,0,0.136364,0,0,0.333333,0,0
104,0.72619,0.266667,0.603,0.771,0.5,0,0,0,0,0,0,0,0.0833333,0,0,0.761905,0.422222,0.588,0,0.65,0.039,0.36,0.73,0,0.0454545,0,0.4,0,0.285714,0.444444
105,0.821429,0.244444,0.388,0.291,0.65,0.085,0.4,0.67,0,0,0,0.8,0.0833333,0.142857,0.333333,0.809524,0.466667,0.267,0,0.62,0,0,0,0,0,0,0,0,0,0.111111
106,0.904762,0.333333,0.279,0.534,0.37,0.261,0.18,0,0,0,0,0,0.166667,0.142857,0,0.904762,0.377778,0.209,0.268,0.46,0.179,0.21,0.5,0,0,0.210526,0,0.25,0.142857,0
107,0.761905,0.466667,0.447,0.428,0.6,0.037,0.2,0.84,0,0.0454545,0,0.2,0.166667,0.142857,0,0.797619,0.422222,0.477,0.342,0.58,0,0.44,0.63,0,0,0,0.2,0,0,0.222222
108,0.904762,0.4,0.025,0.211,0.43,0,0,0.28,0,0,0,0,0,0.142857,0.111111,0.857143,0.177778,0.195,0.373,0.5,0.306,0.36,0,0,0,0.0526316,0.1,0.0833333,0,0
109,0.869048,0.466667,0.434,0.423,0.53,0.121,0.36,0.73,0,0.454545,0.526316,0.9,0.5,0.142857,0.555556,0.833333,0.355556,0.857,0.967,0.54,0,0,0.8,0,0.181818,0,0,0.166667,0,0
110,0.904762,0.555556,0.341,0.384,0.54,0,0.38,0.6,0,0.318182,0.315789,0.2,0.25,0,0.333333,0.916667,0.266667,0.486,0.245,0.44,0.106,0.38,0.52,0,0.136364,0.210526,0,0.0833333,0.428571,0
111,0.928571,0.422222,0.593,0.287,0.56,0.072,0.25,0.9,0,0.136364,0,0,0.25,0,0,0.916667,0.355556,0.566,0.451,0.56,0.128,0.5,0.75,0,0,0,0,0,0,0
112,0.809524,0.422222,0.427,0.213,0.57,0,0,0.6,0,0,0,0.1,0,0,0,0.869048,0.244444,0.226,0.393,0.48,0.179,0.4,1,0,0.0454545,0,0,0,0,0.111111
113,0.940476,0.311111,0.191,0.198,0.53,0,0.44,0.53,0,0,0.263158,0.2,0.0833333,0,0.222222,0.940476,0.444444,0.331,0.357,0.53,0.075,0.38,0.69,0,0.272727,0,0.1,0.25,0,0.111111
114,0.880952,0.177778,0.456,0.241,0.53,0.058,1,0.6,0,0.0454545,0.0526316,0,0,0.142857,0,0.916667,0.377778,0.418,0.289,0.62,0.442,0.57,0.71,0,0.0454545,0.263158,0,0.25,0,0
115,0.928571,0.422222,0.361,0,0.52,0.148,0.61,0.81,0,0.0909091,0,0.2,0.25,0,0.222222,0.916667,0.288889,0.551,0.377,0.57,0.024,0.5,0.88,0,0.0909091,0,0,0,0,0
116,0.797619,0.333333,0.163,0.153,0.61,0,0.3,0.66,0,0,0,0.1,0,0,0,0.785714,0.222222,0.347,0,0.6,0,0.66,0.85,0,0,0,0,0,0,0
117,0.821429,0.266667,0,0.157,0.56,0,0.33,0.75,0,0,0,0.1,0,0,0,0.761905,0.288889,0.333,0.298,0.57,0.125,0.22,0.47,0,0,0,0.2,0,0,0.222222
118,0.857143,0.422222,0.202,0.335,0.48,0.171,0.34,0.33,0,0.0454545,0.210526,0.2,0.0833333,0.142857,0.111111,0.869048,0.311111,0.315,0.271,0.52,0.044,0.25,0.6,0,0,0,0,0,0,0.222222
119,0.809524,0.288889,0.422,0.347,0.53,0.165,0.34,0.3,0,0.136364,0.105263,0.2,0,0.285714,0.333333,0.845238,0.244444,0.228,0.649,0.45,0,0,0,0,0,0,0,0.0833333,0,0.111111
120,0.833333,0.333333,0,0,0.54,0,0,0.4,0,0,0,0,0,0,0.222222,0.845238,0.288889,0.317,0.357,0.54,0,0.6,0.62,0,0,0,0.1,0,0,0.111111
121,0.833333,0.355556,0.411,0.165,0.67,0.535,0.47,0.84,0,0.0909091,0.210526,0.6,0,0,0,0.857143,0.333333,0.551,0.397,0.56,0.155,0.37,0.61,0,0.409091,0.157895,0.5,0.166667,0.285714,0.222222
122,0.833333,0.444444,0.355,0.317,0.5,0.029,0.27,0.59,0,0.181818,0.0526316,0.2,0.0833333,0,0.111111,0.892857,0.4,0.401,0.416,0.6,0.049,0.44,0.8,0,0.318182,0,0.5,0.25,0.285714,0.222222
123,0.833333,0.4,0.274,0,0.57,0.242,0.5,1,0,0,0.157895,0.1,0,0,0.222222,0.833333,0.288889,0,0.076,0.72,0,0.68,0.93,0,0.0454545,0.105263,0.4,0.0833333,0,0
124,0.904762,0.511111,0.245,0.245,0.58,0.123,0.24,0.47,0,0.0909091,0,0.2,0.25,0,0,0.952381,0.288889,0.369,0,0.55,0.705,0.6,0.25,0,0.181818,0,0.3,0.166667,0,0
125,0.869048,0.355556,0.298,0.303,0.64,0.134,0.63,0.88,0,0.227273,0,0.2,0,0,0.222222,0.880952,0.422222,0.519,0,0.61,0.057,0.2,0.7,0,0.136364,0.0526316,0.3,0.0833333,0,0.111111
126,0.77381,0.422222,0.619,0.431,0.53,0.185,0.56,0.55,0,0.0454545,0.0526316,0.3,0,0.285714,0.222222,0.821429,0.333333,0.502,0.342,0.67,0.175,0.46,0.62,0,0,0,0.3,0,0,0
127,0.869048,0.288889,0.187,0.147,0.62,0,0,0.25,0,0,0,0,0,0,0,0.809524,0.288889,0.228,0.204,0.68,0.303,0.56,1,0,0.0454545,0,0.1,0,0,0
128,0.738095,0.2,0.153,0.354,0.5,0.241,0.66,0,0,0,0,0,0.0833333,0,0,0.797619,0.355556,0.204,0.317,0.44,0.091,0.23,0.37,0,0.0454545,0.0526316,0.1,0.0833333,0,0.333333
129,0.892857,0.377778,0.257,0.391,0.47,0.231,0.25,1,0,0,0.0526316,0,0.166667,0,0.111111,0.845238,0.311111,0.761,0.225,0.57,0,0,1,0,0.0454545,0,0,0,0,0
130,0.869048,0.311111,0.313,0.522,0.51,0.082,0.5,0.77,0,0.0454545,0,0,0,0.142857,0,0.857143,0.355556,0.437,0.381,0.6,0.215,0.31,0.83,0,0.0454545,0.0526316,0.4,0.0833333,0,0.222222
131,0.880952,0.511111,0.366,0.262,0.66,0.194,0.76,0.73,0,0.0909091,0,0.4,0.166667,0.285714,0.111111,0.833333,0.444444,0.205,0.141,0.67,0,0,0.62,0,0.0909091,0,0,0,0.142857,0
132,0.869048,0.377778,0.291,0.269,0.59,0.245,0.5,0.58,0,0.0909091,0,0.4,0.166667,0.142857,0,0.892857,0.444444,0.247,0.275,0.53,0.075,0.28,0.62,0,0.0454545,0.210526,0.3,0,0.285714,0.222222
133,0.857143,0.311111,0.208,0.074,0.67,0.222,0.25,0.8,0,0.0454545,0,0.1,0,0,0,0.892857,0.155556,0.067,0,0.57,0,0,0.75,0,0,0,0,0,0,0.111111
134,0.75,0.333333,0.622,0.224,0.63,0.175,0.3,1,0,0.0454545,0.0526316,0.2,0,0,0,0.738095,0.288889,0.655,0.528,0.51,0.321,0.58,0.76,0,0.136364,0.105263,0.5,0.166667,0.285714,0.111111
135,0.845238,0.355556,0,0.355,0.61,0.124,0.36,0.63,0,0.272727,0,0.2,0,0.142857,0.111111,0.869048,0.4,0.418,0.303,0.61,0.045,0.14,0.48,0,0.136364,0.0526316,0.2,0.0833333,0,0
136,0.821429,0.244444,0.522,0.318,0.68,0,0.37,0.88,0,0,0,0.2,0,0,0,0.77381,0.222222,0.305,0.404,0.53,0.077,0.17,0.42,0,0,0.0526316,0,0,0.142857,0.222222
137,0.857143,0.355556,0.207,0.403,0.5,0.318,0.5,0,0,0,0,0,0.0833333,0,0.111111,0.845238,0.311111,0.413,0.428,0.56,0,0,0.5,0,0.0909091,0,0.1,0,0,0.111111
138,0.77381,0.222222,0,0,0.54,0,0,1,0,0,0,0,0,0,0,0.785714,0.177778,0.479,0.435,0.52,0.044,0.14,0.58,0,0,0.0526316,0,0,0,0.111111
139,0.892857,0.244444,0.523,0.602,0.47,0.548,0.66,0.85,0,0,0.0526316,0,0,0.142857,0,0.869048,0.288889,0.839,0.611,0.46,0,0,0.33,0,0,0,0,0,0.142857,0
140,0.857143,0.177778,0.502,0.249,0.58,0.068,1,0.75,0,0,0,0.1,0,0.142857,0,0.833333,0.355556,0.277,0.431,0.49,0.125,0.53,0.58,0,0.0454545,0,0.1,0,0,0.333333
141,0.928571,0.2,0.734,0.676,0.57,0.125,0.16,1,0,0,0,0,0,0.142857,0,0.928571,0.244444,0.676,0.734,0.47,0,0,0.83,0,0,0.0526316,0,0,0,0
142,0.833333,0.2,0.296,0.338,0.57,0.122,0.36,0.68,0,0,0,0.1,0,0,0.222222,0.833333,0.288889,0.376,0.187,0.69,0.167,0.31,1,0,0,0,0.3,0,0,0
143,0.785714,0.288889,0,0.567,0.63,0,0.42,1,0,0,0,0.1,0,0,0,0.833333,0.333333,0.567,0,0.59,0,0,0.57,0,0,0,0,0,0,0.111111
144,0.797619,0.2,1.1,1.14,0.51,0,0,0,0,0,0,0,0,0,0,0.797619,0.222222,1.14,1.1,0.43,0,0,1,0,0,0,0,0,0,0
145,0.857143,0.555556,0.425,0.275,0.56,0.195,0.44,0.77,0,0.363636,0.210526,0.6,0.0833333,0,0.111111,0.952381,0.488889,0.495,0.369,0.56,0,0.37,0.73,0,0.409091,0,0.4,0.166667,0,0.111111
146,0.904762,0.422222,0.471,0.361,0.54,0.125,0.31,0.42,0,0.181818,0.578947,0.3,0.0833333,0.142857,0.555556,0.857143,0.377778,0.297,0.348,0.53,0.069,0.54,0.58,0,0.181818,0.368421,0.2,0.25,0,0.444444
147,0.869048,0.6,0.371,0.321,0.6,0.179,0.31,0.78,0,0.318182,0,0.1,0.0833333,0,0.222222,0.857143,0.288889,0.843,0.684,0.53,0,0,0.8,0,0.181818,0,0.1,0,0,0
148,0.845238,0.355556,0.432,0.293,0.71,0.021,1,0.56,0,0.0454545,0.105263,0.2,0.166667,0,0.111111,0.845238,0.244444,0.661,0.439,0.54,0,0,1,0,0.0909091,0,0.1,0,0,0
149,0.857143,0.355556,0.333,0.261,0.55,0.062,0.12,0.63,0,0,0,0.2,0,0,0.111111,0.916667,0.444444,0.339,0.291,0.54,0,0.29,1,0,0.272727,0.105263,0.6,0.416667,0,0.111111
150,0.904762,0.244444,0.688,0.365,0.59,0,0,1,0,0.0909091,0,0,0.0833333,0,0,0.880952,0.4,0.494,0.353,0.44,0,0,0,0,0.0454545,0,0,0,0,0
151,0.833333,0.266667,0.714,0.416,0.58,0.124,0.5,0.27,0,0.0909091,0.0526316,0.1,0,0,0,0.785714,0.488889,0.332,0.235,0.68,0.154,0.38,0.8,0,0.0909091,0.0526316,0.7,0.0833333,0.285714,0.222222
152,0.833333,0.355556,0.398,0.374,0.54,0.167,0.3,0.68,0,0,0,0.4,0,0,0.111111,0.845238,0.311111,0.305,0.273,0.49,0.274,0.42,0.5,0,0,0.0526316,0.2,0,0.285714,0.222222
153,0.809524,0.288889,0.348,0.295,0.52,0.175,0.5,0.54,0,0,0,0.2,0,0,0,0.845238,0.222222,0.292,0.268,0.46,0.306,0.54,0,0,0,0.157895,0,0,0.142857,0.111111
154,0.761905,0.4,0,0.737,0.52,0.075,0.21,0.83,0,0,0,0,0,0,0.444444,0.738095,0.266667,0.481,0.508,0.53,0.041,1,0.69,0,0,0,0.1,0.0833333,0,0
155,0.869048,0.377778,0,0.255,0.59,0.246,0.64,0.71,0,0,0.157895,0,0,0,0.111111,0.857143,0.311111,0.465,0.433,0.6,0.071,0.45,0.56,0,0,0.0526316,0.1,0,0.142857,0.222222
156,0.833333,0.155556,0.573,0.297,0.69,0,1,0.88,0,0,0,0.1,0,0,0.111111,0.821429,0.333333,0.356,0.531,0.53,0,0.25,0,0,0.0454545,0,0,0,0,0.222222
157,0.785714,0.444444,0.278,0.251,0.61,0.257,0.51,0.65,0,0.0909091,0,0.4,0,0.285714,0.444444,0.785714,0.355556,0.302,0.216,0.62,0.194,0.51,0.77,0,0.0454545,0.105263,0.3,0,0,0.111111
158,0.845238,0.288889,0.428,0.443,0.58,0.062,0.41,0.7,0,0.181818,0,0.1,0,0.142857,0.333333,0.892857,0.288889,0.519,0.472,0.53,0.095,0.5,0.64,0,0.272727,0.157895,0,0,0,0.222222
159,0.833333,0.333333,0.433,0.213,0.54,0,1,0.6,0,0,0,0.1,0,0,0,0.845238,0.222222,0.222,0.479,0.41,0,0.46,0.62,0,0.0454545,0,0,0.0833333,0,0.222222
160,0.892857,0.333333,0.504,0.393,0.57,0.048,0.22,0.76,0,0.136364,0,0,0.0833333,0.142857,0,0.869048,0.466667,0.229,0.309,0.55,0.185,0.3,1,0,0.136364,0.105263,0.2,0.25,0,0.222222
161,0.904762,0.311111,0.326,0.259,0.57,0.083,0.5,0.45,0,0.0454545,0,0.1,0,0.285714,0,0.869048,0.333333,0.191,0.233,0.48,0.477,0.42,0,0,0,0.0526316,0,0,0,0
162,0.833333,0.333333,0.377,0.293,0.69,0,0.47,0.8,0,0,0,0.5,0,0,0.111111,0.869048,0.311111,0.341,0.315,0.61,0.274,0.66,0.66,0,0,0.0526316,0,0,0,0.111111
163,0.845238,0.4,0.309,0.305,0.57,0.243,0.38,0.5,0,0.0909091,0.210526,0.4,0.0833333,0,0.222222,0.833333,0.444444,0.362,0,0.65,0.033,0.33,0.86,0,0,0,0.2,0,0,0.111111
164,0.964286,0.311111,0.357,0.167,0.82,0,0,1,0,0,0.0526316,0,0,0,0,0.928571,0.333333,0.167,0.357,0.31,0,0,1,0,0,0,0,0,0.142857,0
165,0.77381,0.377778,0.618,0.306,0.58,0.062,0.33,0.84,0,0,0,0.2,0,0,0,0.714286,0.333333,0.404,0.346,0.62,0.067,0.14,0.52,0,0,0.0526316,0.5,0,0,0.555556
166,0.797619,0.266667,0.323,0.363,0.42,0.272,0.41,0.6,0,0.0454545,0,0,0,0,0,0.821429,0.2,0.459,0.519,0.49,0.046,0.2,0.77,0,0,0,0,0.0833333,0,0
167,0.857143,0.288889,0.297,0,0.49,0,0.5,0.6,0,0,0,0.1,0,0,0,0.797619,0.288889,0.365,0,0.64,0.038,0.33,0.66,0,0,0,0.1,0,0.142857,0
168,0.845238,0.422222,0.133,0.113,0.56,0,0,0.25,0,0,0,0,0,0,0.111111,0.869048,0.177778,0.108,0.147,0.44,0.259,0.57,0.66,0,0,0,0.1,0,0.142857,0
169,0.761905,0.2,0,0.361,0.38,0,1,0.46,0,0,0.0526316,0,0.0833333,0.142857,0.111111,0.797619,0.266667,0.389,0.326,0.54,0.129,0.37,0.5,0,0,0.0526316,0,0,0.142857,0.111111
170,0.857143,0.355556,0,0.235,0.56,0.569,0.51,0.78,0,0.0909091,0.105263,0.6,0,0.142857,0,0.880952,0.488889,0.357,0.416,0.6,0.071,0.66,0.65,0,0.545455,0,0.4,0.166667,0.714286,0.666667
171,0.845238,0.466667,0.278,0.289,0.59,0.177,0.42,0.47,0,0.136364,0.473684,0.6,0.166667,0.428571,0.666667,0.833333,0.511111,0.245,0.246,0.65,0.332,0.37,0.69,0,0.0909091,0.210526,0.8,0.166667,0.857143,0.222222
172,0.821429,0.333333,0.392,0.443,0.56,0.024,0.5,0.64,0,0.0909091,0,0,0.0833333,0,0.111111,0.857143,0.2,0.524,0,0.75,0,0.25,0.78,0,0.0454545,0,0.2,0,0,0.111111
173,0.916667,0.377778,0.273,0.325,0.52,0.256,0.41,0.46,0,0.0454545,0.210526,0,0.0833333,0.142857,0,0.880952,0.266667,0.325,0.136,0.7,0.195,1,0.72,0,0.0909091,0,0,0,0.285714,0
174,0.821429,0.466667,0.436,0.327,0.55,0.237,0.58,0.64,0,0.0909091,0.0526316,0.3,0,0,0.333333,0.833333,0.355556,0.325,0.453,0.53,0.155,0.53,0.37,0,0.0454545,0,0.1,0.333333,0,0
175,0.904762,0.266667,0.286,0.283,0.59,0.226,0.38,0.83,0,0.0454545,0,0,0,0,0.222222,0.988095,0.266667,0.457,0.369,0.55,0,0,0.78,0,0,0,0.1,0,0.142857,0
176,0.880952,0.266667,0.222,0.322,0.43,0,0.38,0.44,0,0,0.210526,0.1,0.0833333,0,0.111111,0.857143,0.333333,0,0.287,0.58,0,0,0.83,0,0,0,0,0,0,0.222222
177,0.797619,0.444444,0,0.192,0.65,0.067,1,0.58,0,0,0.0526316,0.1,0,0,0,0.797619,0.222222,0.456,0.408,0.52,0.018,0.12,0.64,0,0,0,0.2,0,0.142857,0.222222
178,0.833333,0.311111,0.364,0.369,0.62,0,0.4,0.58,0,0,0.105263,0.1,0.166667,0,0,0.821429,0.333333,0.452,0.318,0.55,0.092,0.2,1,0,0,0,0.1,0,0.142857,0
179,0.821429,0.4,0.298,0.287,0.73,0.168,0.41,0.66,0,0,0.0526316,0,0.0833333,0,0.111111,0.797619,0.466667,0.353,0.359,0.61,0.089,0.28,0.62,0,0.0909091,0,0,0,0,0.333333
180,0.845238,0.488889,0,0.217,0.45,0.332,0.33,0.5,0,0,0.157895,0.1,0,0,0,0.869048,0.466667,0.077,0,0.13,0,0,0,0,0,0,0,0,0.142857,0
181,0.72619,0.266667,0.653,0,0.55,0,0,0.66,0,0,0,0,0,0,0.111111,0.809524,0.266667,0.407,0.367,0.66,0,0,0,0,0,0,0.1,0,0,0
182,0.821429,0.288889,0.678,0.429,0.63,0.026,0.83,0.84,0,0.409091,0.105263,0.5,0,0.142857,0.222222,0.809524,0.511111,0,0.239,0.69,0.236,0.31,0.65,0,0.227273,0.105263,1,0.0833333,0,0.555556
183,0.809524,0.311111,0.326,0.679,0.43,0.082,0.1,0,0,0,0.0526316,0,0,0,0.111111,0.809524,0.422222,0.728,0.225,0.64,0.066,0.55,0.94,0,0.409091,0,0.3,0.0833333,0,0
184,0.892857,0.311111,0.586,0.358,0.65,0.089,0.5,0.92,0,0.0909091,0.0526316,0.1,0,0,0,0.904762,0.333333,0.306,0.446,0.51,0.108,0.23,0.61,0,0.181818,0.105263,0,0.166667,0.142857,0
185,0.857143,0.177778,0,0.123,0.45,0,0.13,0.66,0,0,0,0.1,0,0,0.111111,0.833333,0.333333,0.248,0.297,0.55,0.236,0.33,0.7,0,0.0454545,0.210526,0.1,0,0,0.444444
186,0.880952,0.311111,0,0.373,0.57,0,0.25,0.8,0,0,0,0,0,0,0.111111,0.916667,0.333333,0.284,0.181,0.58,0.139,0.4,0.85,0,0.0454545,0,0.5,0.166667,0.142857,0
187,0.809524,0.444444,0.427,0.418,0.55,0.074,0.33,0.32,0,0.0454545,0.0526316,0.4,0.0833333,0.142857,0.333333,0.809524,0.4,0.496,0.442,0.58,0.291,1,1,0,0.0454545,0,0.1,0,0,0
188,0.869048,0.288889,0.583,0.237,0.59,0,0,0.88,0,0.0454545,0,0.1,0,0.142857,0,0.833333,0.2,0.276,0.565,0.48,0,0,0,0,0,0,0,0.0833333,0,0
189,0.785714,0.4,0.266,0.404,0.58,0.208,0.33,0.33,0,0,0.0526316,0.1,0,0,0.111111,0.880952,0.266667,0.173,0.308,0.37,0.106,0.5,0.65,0,0,0,0,0,0.142857,0.111111
190,0.809524,0.377778,0.244,0,0.53,0.178,0.47,0.59,0,0.136364,0.0526316,0.1,0,0,0.111111,0.797619,0.311111,0,0.347,0.56,0.096,0.31,0.6,0,0.0454545,0.105263,0.1,0,0,0.222222
191,0.821429,0.377778,0.452,0.257,0.55,0,0,0.53,0,0,0,0,0.0833333,0,0,0.75,0.2,0.218,0.275,0.54,0.344,0.47,0,0,0.0454545,0.157895,0,0.0833333,0.142857,0
192,0.904762,0.333333,0.141,0.242,0.43,0.132,0.2,0.6,0,0,0,0,0,0.142857,0.111111,0.845238,0.355556,0.233,0.282,0.47,0.102,0.42,0.81,0,0.136364,0.105263,0.3,0.166667,0,0.444444
193,0.880952,0.288889,0.253,0.205,0.55,0.139,0.31,0.7,0,0.0909091,0.0526316,0.6,0,0,0.111111,0.833333,0.444444,0.357,0.328,0.62,0.189,0.39,0.6,0,0.181818,0.210526,1,0.166667,0.142857,0.666667
194,0.916667,0.466667,0.296,0.268,0.61,0.035,0.33,0.76,0,0.272727,0,0,0.166667,0.142857,0.111111,0.952381,0.6,0.353,0.361,0.49,0.269,0.39,0.2,0,0.0454545,0.263158,0,0.25,0,0
195,0.952381,0.266667,0.732,0,0.34,0.097,0.66,0.57,0,0.0454545,0,0,0.0833333,0,0.111111,0.952381,0.355556,0.573,0,0.69,0,0,0.83,0,0.0909091,0,0,0,0,0
196,0.892857,0.311111,0.473,0.472,0.55,0,0.33,0.78,0,0.272727,0.105263,0.1,0.0833333,0,0.333333,0.904762,0.377778,0.413,0.331,0.6,0.026,0.33,0.57,0,0.0909091,0.157895,0.4,0.333333,0,0.111111
197,0.857143,0.266667,0.307,0.325,0.5,0.152,0.3,0.57,0,0.0454545,0,0.2,0.0833333,0,0,0.833333,0.577778,0.316,0.242,0.61,0.109,0.45,0.63,0,0.181818,0.105263,0.6,0,0.285714,0.444444
198,0.869048,0.355556,0.398,0.286,0.64,0.053,0.75,0.58,0,0.0454545,0.105263,0.4,0.0833333,0.714286,0.111111,0.833333,0.311111,0.465,0.589,0.56,0.202,0.28,0.75,0,0.0454545,0,0,0,0,0.333333
199,0.797619,0.355556,0.339,0.333,0.64,0.114,0.26,0.64,0,0,0.105263,0.3,0.0833333,0,0.111111,0.809524,0.355556,0,0.601,0.62,0.029,0.5,0.93,0,0,0.0526316,0.2,0,0,0.111111
200,0.892857,0.4,0.305,0,0.55,0.009,0.16,0.82,0,0.227273,0.0526316,0.2,0.25,0,0.555556,0.880952,0.266667,0.197,0.193,0.59,0,0.12,0.75,0,0,0,0.1,0,0,0.111111
201,0.761905,0.355556,0.411,0.342,0.5,0,0,0.73,0,0,0,0.2,0,0,0.111111,0.821429,0.488889,0,0.531,0.54,0.151,0.2,0.41,0,0.0454545,0,0,0.0833333,0.142857,0.444444
202,0.845238,0.222222,0.053,0,0.34,0,0.16,0.33,0,0,0,0,0,0,0.111111,0.75,0.244444,0.126,0,0.46,0.366,0.5,0.46,0,0,0.105263,0.4,0,0.142857,0.222222
203,0.821429,0.244444,0,0.763,0.52,0,0.25,1,0,0,0,0,0,0,0.222222,0.821429,0.244444,0.745,0.605,0.55,0.081,0.33,0.57,0,0,0,0.1,0,0.142857,0
204,0.821429,0.222222,0.147,0,0.38,0,0.31,0.42,0,0,0,0,0,0,0.111111,0.869048,0.311111,0.206,0.352,0.42,0.206,0.42,0.75,0,0,0,0,0,0,0
205,0.785714,0.2,0.552,0.499,0.47,0.229,0.8,0.66,0,0.0909091,0,0.1,0.0833333,0,0,0.845238,0.444444,0.299,0.191,0.67,0,0,0.8,0,0.181818,0,0.3,0.0833333,0,0.111111
206,0.797619,0.555556,0.268,0.252,0.64,0.159,0.31,0.6,0,0.136364,0.631579,0.5,0.166667,0,0.777778,0.821429,0.266667,0.272,0.324,0.68,0.666,0.52,0.73,0,0.0454545,0,0.2,0.0833333,0,0
207,0.833333,0.288889,0.288,0,0.6,0.338,0.53,1,0,0.0909091,0.0526316,0.1,0.166667,0,0,0.833333,0.422222,0.363,0.326,0.67,0,0.45,0.5,0,0.136364,0,0.2,0.0833333,0,0
208,0.880952,0.311111,0.319,0.152,0.65,0.107,0.75,0.5,0,0,0.0526316,0.1,0,0.285714,0,0.857143,0.177778,0.167,0.333,0.37,0,0.57,0,0,0,0,0,0,0,0
209,0.880952,0.244444,0.405,0.285,0.66,0.143,0.45,0.8,0,0,0.0526316,0.3,0,0,0.111111,0.928571,0.422222,0,0.244,0.53,0.269,0.53,0.84,0,0,0.157895,0.4,0.25,0,0.333333
210,0.892857,0.244444,0.359,0.439,0.51,0.254,0.66,0.57,0,0,0,0,0,0,0,0.97619,0.355556,0.431,0.338,0.45,0,0,0.38,0,0.0454545,0,0,0,0,0.111111
211,0.857143,0.311111,0,0.364,0.63,0,0,0.53,0,0,0,0.1,0.0833333,0.142857,0.111111,0.880952,0.311111,0.408,0.386,0.53,0.244,0.46,0.69,0,0.136364,0,0.4,0.0833333,0.285714,0.111111
212,0.77381,0.355556,0,0.443,0.64,0.225,0.54,0.69,0,0,0,0.1,0,0,0.111111,0.821429,0.333333,0.296,0.151,0.47,0,0.52,0.28,0,0.0909091,0,0.3,0,0.142857,0
213,0.845238,0.444444,0.327,0,0.53,0.252,0.35,0.58,0,0.136364,0.0526316,0.8,0.166667,0.142857,0.444444,0.833333,0.422222,0.232,0.096,0.75,0.031,0.16,0,0,0,0.0526316,0.3,0,0,0
214,0.833333,0.222222,0.342,0,0.61,0.068,0.5,0.33,0,0.0454545,0,0.1,0,0,0.111111,0.857143,0.244444,0,0.355,0.54,0.034,0.2,0.55,0,0,0,0.1,0.0833333,0,0
215,0.738095,0.244444,0,0.153,0.65,0,0.75,0.33,0,0,0,0.1,0,0,0,0.75,0.288889,0.179,0.345,0.62,0.335,0.5,0.25,0,0,0.0526316,0,0,0,0.111111
216,0.833333,0.311111,0.484,0.376,0.56,0,0,0.55,0,0,0,0.1,0,0,0.222222,0.869048,0.222222,0.449,0,0.58,0,0,0.78,0,0,0,0.2,0,0.142857,0
217,1,0.377778,0.431,0.203,0.65,0,0.46,0.95,0,0.227273,0.263158,0.8,0,0,0,0.904762,0.444444,0.444,0.219,0.57,0.083,0.4,0.68,0,0.5,0,0.2,0.166667,0.285714,0.111111
218,0.821429,0.355556,0.462,0.287,0.56,0.173,0.38,0.8,0,0.363636,0.105263,0.1,0.166667,0,0,0.821429,0.511111,0.282,0.283,0.57,0.055,0.31,0.79,0,0.0909091,0,0.2,0.0833333,0.142857,0.333333
219,0.880952,0.444444,0.417,0.295,0.67,0.173,0.58,0.77,0,0.272727,0.0526316,0.8,0,0,0.333333,0.869048,0.444444,0,0.849,0.09,0.439,0.5,0,0,0,0.0526316,0,0.0833333,0,0
220,0.928571,0.466667,0.354,0.311,0.53,0.139,0.52,0.6,0,0.0909091,0.105263,0.3,0.0833333,0,0.444444,0.916667,0.444444,0.418,0.243,0.56,0.067,0.3,0.68,0,0.272727,0.368421,0.2,0.333333,0,0
221,0.857143,0.511111,0.275,0.291,0.57,0.162,0.25,0.47,0,0.272727,0.105263,1,0.333333,0,0.777778,0.892857,0.377778,0.228,0.209,0.51,0.355,0.48,0.66,0,0,0.315789,0.3,0.0833333,0.428571,0
222,0.833333,0.222222,0.301,0.178,0.66,0,0.56,0.7,0,0,0.105263,0.3,0,0,0,0.869048,0.488889,0.344,0.253,0.63,0.164,0.41,0.71,0,0.363636,0,0.7,0,0.142857,0.555556
223,0.845238,0.222222,0.132,0.263,0.52,0.071,0.5,0.37,0,0,0,0,0,0.285714,0,0.833333,0.266667,0.343,0.382,0.53,0.076,0.38,0.68,0,0.181818,0.210526,0.1,0,0,0.444444
224,0.75,0.422222,0,0.313,0.61,0.151,0.28,0.55,0,0,0.0526316,0.3,0,0.142857,0.333333,0.75,0.355556,0.317,0.438,0.58,0.334,0.47,0.58,0,0,0.0526316,0.4,0,0,0.333333
225,0.797619,0.155556,0.428,0.275,0.68,0.144,1,1,0,0.0909091,0.0526316,0.1,0,0,0,0.797619,0.333333,0.352,0.294,0.64,0.052,0.2,0.73,0,0.136364,0,0.3,0.0833333,0.142857,0.111111
226,0.869048,0.333333,0.264,0.354,0.57,0,0,0.2,0,0.0454545,0,0.1,0.0833333,0.285714,0.111111,0.880952,0.155556,0.389,0.229,0.56,0.771,0.4,0.75,0,0.0454545,0.0526316,0,0,0,0
227,0.892857,0.4,0,0.287,0.49,0.185,0.28,0.16,0,0,0.0526316,0.1,0,0,0.111111,0.880952,0.177778,0,0.069,0.8,0.167,0.83,0.76,0,0,0,0.2,0,0,0.111111
228,0.785714,0.288889,0.234,0.329,0.57,0.068,0.25,1,0,0,0,0,0,0.142857,0.111111,0.809524,0.355556,0.327,0,0.6,0,0,0.5,0,0,0,0.1,0,0,0
229,0.916667,0.444444,0.476,0.309,0.58,0.033,0.55,0.8,0,0.454545,0,0.5,0.333333,0,0.111111,0.988095,0.4,0.215,0.197,0.48,0,0,0.71,0,0.363636,0.0526316,0,0,0,0.222222
230,0.77381,0.444444,0.346,0.252,0.63,0.153,0.31,0.65,0,0.272727,0.210526,1,0.0833333,0,0.111111,0.797619,0.422222,0.138,0.223,0.65,0.195,0.39,0.86,0,0,0.157895,0.6,0.25,0,0.111111
231,0.869048,0.333333,0.269,0.249,0.59,0.075,0.25,0.54,0,0.0454545,0.157895,0.4,0,0.285714,0.111111,0.857143,0.6,0.171,0.192,0.64,0.258,0.25,0.65,0,0.0454545,0.526316,0.8,0.0833333,0,0.777778
232,0.857143,0.488889,0.329,0.255,0.56,0,0.6,0.22,0,0.0454545,0,0.4,0.0833333,0.142857,0,0.869048,0.222222,0.323,0.271,0.48,0,0.63,0.55,0,0,0.0526316,0.1,0,0,0.111111
233,0.845238,0.444444,0,0.552,0.59,0,0,0.46,0,0.136364,0,0,0.333333,0,0,0.833333,0.355556,0.444,0.414,0.53,0.096,0.17,0.62,0,0.181818,0.0526316,0.3,0,0.428571,0.222222
234,0.904762,0.377778,0.209,0.268,0.46,0.179,0.21,0.5,0,0,0.210526,0,0.25,0.142857,0,0.904762,0.377778,0.507,0,0.49,0,0,0.8,0,0.0909091,0,0,0,0,0
235,0.797619,0.333333,0.253,0.267,0.66,0,0,0,0,0,0,0,0,0,0.111111,0.857143,0.2,0.308,0.326,0.59,0.177,0.63,0.75,0,0.0454545,0,0.2,0.0833333,0,0
236,0.892857,0.377778,0.306,0.415,0.52,0.151,0.4,0.76,0,0.136364,0,0.1,0.0833333,0,0.111111,0.904762,0.333333,0.279,0.534,0.37,0.261,0.18,0,0,0,0,0,0.166667,0.142857,0
237,0.869048,0.4,0.267,0.356,0.43,0.125,0.27,0.45,0,0,0,0,0.0833333,0,0.222222,0.809524,0.355556,0.629,0.381,0.59,0.305,0.39,0.5,0,0.0454545,0,0.2,0.166667,0,0
238,0.940476,0.4,0.122,0.299,0.25,0,0,0.33,0,0,0,0,0.0833333,0,0,0.904762,0.377778,0.299,0.122,0.56,0.561,0.66,0,0,0.0454545,0,0,0,0,0
239,0.785714,0.244444,0.429,0.122,0.84,0.271,0.57,1,0,0,0.0526316,0.1,0,0,0,0.75,0.288889,0.284,0.295,0.55,0.118,0.66,0.66,0,0,0.0526316,0.1,0,0.285714,0
240,0.952381,0.4,0.556,0.407,0.54,0,0,0.66,0,0.0454545,0.0526316,0,0,0,0,0.880952,0.288889,0.398,0.608,0.52,0.154,0.37,1,0,0.0454545,0,0,0.166667,0.142857,0.111111
241,0.857143,0.333333,0.553,0.369,0.66,0.116,0.54,0.76,0,0,0.105263,0.1,0.166667,0.142857,0,0.857143,0.377778,0.425,0.377,0.6,0.081,0.41,0.75,0,0.136364,0.105263,0,0.25,0,0
242,0.928571,0.311111,0.348,0.256,0.55,0.085,0.41,0.77,0,0.0909091,0.0526316,0.2,0.0833333,0.142857,0.111111,0.857143,0.333333,0.565,0,0.44,0.026,0.33,0.47,0,0.136364,0.0526316,0.1,0.166667,0,0.333333
243,0.892857,0.355556,0.332,0.383,0.54,0.026,0.5,0.61,0,0,0,0.1,0.0833333,0.142857,0,0.833333,0.422222,0,0.523,0.56,0,0.2,0.8,0,0,0,0,0,0,0.222222
244,0.821429,0.333333,0.502,0.342,0.67,0.175,0.46,0.62,0,0,0,0.3,0,0,0,0.809524,0.2,0.249,0.328,0.47,0.269,0.33,0.5,0,0,0.157895,0,0,0,0.111111
245,0.880952,0.333333,0,0.322,0.62,0.195,0.5,0.83,0,0.0454545,0,0,0,0.142857,0.333333,0.964286,0.266667,0.416,0.258,0.55,0.127,0.43,0.48,0,0,0.0526316,0.1,0,0.142857,0.111111
246,0.845238,0.288889,0.415,0.307,0.61,0.273,0.34,0.54,0,0.0454545,0.0526316,0.2,0,0,0.111111,0.869048,0.355556,0.378,0.422,0.54,0.025,0.5,0.86,0,0,0,0.2,0,0,0.111111
247,0.785714,0.333333,0,0.722,0.58,0,0,0.83,0,0,0,0,0.0833333,0,0.222222,0.821429,0.377778,0.313,0.323,0.51,0,0.4,0.64,0,0,0,0.1,0,0,0.222222
248,0.892857,0.244444,0,0.274,0.52,0.125,0.31,0.47,0,0.0454545,0.0526316,0.1,0,0,0,0.809524,0.466667,0.341,0.355,0.52,0.234,0.37,0.61,0,0.0909091,0.157895,0.5,0.25,0,0.333333
249,0.928571,0.355556,0,0.298,0.35,0,0,0.66,0,0.0909091,0,0,0,0,0,0.904762,0.333333,0.295,0.295,0.56,0.185,0.33,1,0,0,0,0,0.166667,0,0
250,0.797619,0.222222,0.403,0.643,0.49,0,1,0.4,0,0,0,0,0,0,0.222222,0.738095,0.311111,0.649,0.495,0.68,0.259,0.33,0.4,0,0,0,0.3,0,0.142857,0
251,0.869048,0.4,0.371,0.572,0.55,0.131,0.2,0.75,0,0,0.105263,0,0.166667,0.285714,0.111111,0.833333,0.333333,0,0,0.51,0,0.33,0,0,0,0,0.1,0,0,0
252,0.797619,0.355556,0.341,0.363,0.58,0,0.16,0.66,0,0.0909091,0.0526316,0,0.0833333,0,0,0.761905,0.377778,0.382,0.273,0.65,0.216,0.35,0.9,0,0.136364,0,0.4,0.0833333,0,0
253,0.785714,0.4,0.351,0.336,0.6,0.051,0.5,0.56,0,0.0454545,0,0.1,0.0833333,0,0.333333,0.785714,0.355556,0.302,0.216,0.62,0.194,0.51,0.77,0,0.0454545,0.105263,0.3,0,0,0.111111
254,0.869048,0.466667,0.434,0.423,0.53,0.121,0.36,0.73,0,0.454545,0.526316,0.9,0.5,0.142857,0.555556,0.904762,0.444444,0.581,0.375,0.63,0.056,0.42,0.75,0,0.227273,0.315789,0.3,0,0,0.111111
255,0.809524,0.333333,0,0.388,0.61,0,0.23,0.95,0,0.0454545,0,0.4,0.0833333,0,0.222222,0.797619,0.244444,0.576,0.342,0.66,0.154,0.46,0.85,0,0.0909091,0,0.3,0,0,0
256,0.869048,0.4,0.356,0.444,0.56,0.055,1,1,0,0,0,0.2,0,0,0.111111,0.892857,0.244444,0.409,0.354,0.51,0,0,0.42,0,0.0909091,0,0.1,0.0833333,0.142857,0.111111
